Time,ID,Age,Height,Weight,BMI,WorkLoad,HR,HRR,RER,VE,VT,BF,VO2
0.0,24.0,39.0,195.0,119.4,31.4,228.89848812095033,139.5291576673866,0.6293304535637149,0.9443628509719223,107.25736501079915,3.484492029906191,29.047516198704102,3.3683585313174946
