Time,ID,Age,Height,Weight,BMI,WorkLoad,HR,HRR,RER,VE,VT,BF,VO2,  RER   ,  HR    ,V2O
0.0,1,2,6,12,13,8,1.165814803438744,0.9369620244499367,0.15670294298475124,-0.1115175522127306,0.3996929094253503,-1.0733288678828392,0.4351762975457628,,,
0.0,7,3,2,1,1,12,0.3169989609129202,-0.5665353666503677,1.3624840031287866,-0.5397357585301689,-0.5582528734907806,0.6611730708120876,-1.0728761046941202,,,
0.0,6,9,0,10,7,3,-1.2338672928019736,0.9610068285910377,0.3249445994582218,0.4441650792932658,0.5998595432716909,0.13811996241516983,0.5572532608846219,,,
0.0,13,8,1,6,9,14,-1.305643214176242,-0.5965678215071784,1.2931844838274438,-0.5850418966221401,-0.7114620695970362,0.31503165927137455,-1.028113223564178,,,
